id;user_id;content;status;scheduled_for;published_at;linkedin_post_id;is_ai_generated;ai_prompt;created_at;updated_at
40729115-483b-4e33-859f-d432c3fa8f1f;9ecb31a6-e2da-4f77-9df7-4cc50386d25c;"I just read some truly fascinating news from OpenAI about the introduction of ""Apps in ChatGPT."" ü§Ø This isn't just about integrating more tools; it feels like a fundamental shift in how we'll interact with AI.

The core idea is giving ChatGPT access to external applications, allowing it to perform actions like booking flights, ordering groceries, or even drafting documents through third-party services. This moves ChatGPT beyond a conversational AI into an *action-oriented* one.

What excites me most is the potential for unparalleled productivity. Imagine asking ChatGPT to ""Find me a flight to London next month under $800 and add it to my calendar,"" and it simply *does* it. It abstracts away the need to open multiple apps and navigate different interfaces. It's truly a step closer to that seamless, intuitive personal assistant we've all dreamed about.

My personal take? This presents a massive opportunity for businesses to reimagine their customer experiences and internal workflows. Those who can seamlessly integrate their services with this new paradigm will likely gain a significant competitive edge. It also raises interesting questions about data privacy and security, which I'm sure OpenAI is carefully considering.

Are you as excited about the potential of ""Apps in ChatGPT"" as I am? How do you see this impacting your industry or daily tasks?";scheduled;2025-12-20 10:00:00+00;;;false;;2025-12-20 04:37:35.390465+00;2025-12-20 04:37:35.390465+00
14bdb0fd-9810-4b68-90f0-b9ee7bf1ca54;9ecb31a6-e2da-4f77-9df7-4cc50386d25c;this is a test to see whether the posts autosaves after 10 characters;draft;;;;false;draft;2025-12-20 13:16:29.649321+00;2025-12-20 13:16:29.649321+00
e569c57f-5fc9-46d6-9cc4-cd2e36dd8f61;9ecb31a6-e2da-4f77-9df7-4cc50386d25c;this is a test to see whether the posts autosaves after 10 characters;draft;;;;false;;2025-12-20 13:33:32.935397+00;2025-12-20 13:33:32.935397+00
957a63c4-a8ef-4caf-b451-2dc2f419f546;9ecb31a6-e2da-4f77-9df7-4cc50386d25c;"Topic: Apple‚Äôs 3 biggest wins and 3 greatest failures of 2025

Summary: The tech industry has endured another turbulent year, buffeted by the continued rise of artificial intelligence and the economic threats posed by President Donald Trump‚Äôs tariffs. Even the most promi

Source: https://www.fastcompany.com/91448143/apple-3-biggest-wins-3-greatest-failures-2025-intelligence-iphone-17-liquid-glass-os";draft;;;;false;draft;2025-12-20 15:35:57.327909+00;2025-12-20 15:35:57.327909+00
76dc2b99-1157-4f56-b68b-eb10d481c918;9ecb31a6-e2da-4f77-9df7-4cc50386d25c;"Topic: Apple‚Äôs 3 biggest wins and 3 greatest failures of 2025

Summary: The tech industry has endured another turbulent year, buffeted by the continued rise of artificial intelligence and the economic threats posed by President Donald Trump‚Äôs tariffs. Even the most promi

Source: https://www.fastcompany.com/91448143/apple-3-biggest-wins-3-greatest-failures-2025-intelligence-iphone-17-liquid-glass-os";draft;;;;false;;2025-12-20 23:28:53.262435+00;2025-12-20 23:28:53.262435+00
0bf328f2-1de3-45f6-906d-5fdcad6ec40a;9ecb31a6-e2da-4f77-9df7-4cc50386d25c;I want to write about the importance of AI risk management and how this will be the key ;draft;;;;false;draft;2025-12-20 23:59:08.607795+00;2025-12-20 23:59:08.607795+00
84a7510c-63f7-490e-a34a-a20a595b3020;9ecb31a6-e2da-4f77-9df7-4cc50386d25c;I want to write about the importance of AI risk management and how this will be the key ;draft;;;;false;;2025-12-21 00:02:23.51419+00;2025-12-21 00:02:23.51419+00
5732bf91-5cbc-4c15-9f75-bc3c5b2f7fcc;9ecb31a6-e2da-4f77-9df7-4cc50386d25c;this is a test;draft;;;;false;voice;2025-12-21 00:40:45.650339+00;2025-12-21 00:40:45.650339+00
aede5579-dbe6-47ef-b0f3-52d646c9a7d5;9ecb31a6-e2da-4f77-9df7-4cc50386d25c;"Wow, I just had an ""aha!"" moment that completely re-energized my week! ‚ú®

I‚Äôve been working with a fascinating new audio capture feature in the Lovable app, and honestly, I'm genuinely blown away by how seamlessly it's been imagined and implemented. 

It wasn't a complex set of instructions for the app ‚Äì just a few short prompts from me. But the transcription? It‚Äôs almost real-time. I can pause, restart, and it just‚Ä¶ works. Flawlessly.

It's moments like these, when technology exceeds your expectations and *just gets it*, that remind me of the power of intuitive design and thoughtful development. It's not just about building features; it's about anticipating needs and creating experiences that feel effortless.

What's a recent technology or tool that has genuinely surprised and delighted you with its execution? I'd love to hear about your ""aha!"" moments! üëá";scheduled;2025-12-22 22:00:00+00;;;false;;2025-12-21 00:43:27.773697+00;2025-12-21 00:43:27.773697+00
0bf9bd52-cfff-4762-8a30-ec94e0dd3ae3;9ecb31a6-e2da-4f77-9df7-4cc50386d25c;how to think about;draft;;;;false;draft;2025-12-21 00:44:34.757298+00;2025-12-21 00:44:34.757298+00
2c2b5e5c-c944-46f6-802c-ab8877ab8e19;9ecb31a6-e2da-4f77-9df7-4cc50386d25c;https://openai.com/index/introducing-apps-in-chatgpt/;draft;;;;false;Source: https://openai.com/index/introducing-apps-in-chatgpt/;2025-12-21 00:48:21.582037+00;2025-12-21 00:48:21.582037+00
4359a88a-1223-4d80-b747-4d9f932217aa;9ecb31a6-e2da-4f77-9df7-4cc50386d25c;"Topic: Apple‚Äôs 3 biggest wins and 3 greatest failures of 2025

Summary: The tech industry has endured another turbulent year, buffeted by the continued rise of artificial intelligence and the economic threats posed by President Donald Trump‚Äôs tariffs. Even the most promi

Source: https://www.fastcompany.com/91448143/apple-3-biggest-wins-3-greatest-failures-2025-intelligence-iphone-17-liquid-glass-os";draft;;;;false;draft;2025-12-21 01:00:21.870082+00;2025-12-21 01:00:21.870082+00
583dd463-1be7-425d-91fb-7a15d7dfd939;9ecb31a6-e2da-4f77-9df7-4cc50386d25c;"Here‚Äôs something I‚Äôve been mulling over after reading Fast Company's take on Apple's 2025 performance. It‚Äôs always fascinating to look at a tech giant like Apple and dissect their year. üßê

This year, AI's continued rise and the economic headwinds from President Trump's tariffs created a truly volatile landscape. Even for a company as robust as Apple, navigating this was a masterclass in strategy (and sometimes, a lesson in humility).

I found myself particularly intrigued by their successes in integrating AI more seamlessly into their ecosystem. It wasn't just about flashy new features; it was about truly enhancing user experience in subtle, yet powerful ways. That's a win that reverberates far beyond the quarterly earnings.

But where did they stumble? For me, it was less about a specific product failure and more about how certain ambitious projects perhaps overpromised and underdelivered on initial hype. In an era where consumer expectations are sky-high and patience is thin, managing that narrative is crucial.

It makes me wonder ‚Äì for all the innovation and progress we see, is the tech industry getting better at learning from its missteps, or are we destined to repeat some patterns year after year?

What are your thoughts on Apple's year, or generally, on how companies are faring in this rapidly evolving tech landscape? Share your perspective!";draft;;;;true;"Topic: Apple‚Äôs 3 biggest wins and 3 greatest failures of 2025

Summary: The tech industry has endured another turbulent year, buffeted by the continued rise of artificial intelligence and the economic threats posed by President Donald Trump‚Äôs tariffs. Even the most promi

Source: https://www.fastcompany.com/91448143/apple-3-biggest-wins-3-greatest-failures-2025-intelligence-iphone-17-liquid-glass-os";2025-12-21 01:00:41.809829+00;2025-12-21 01:00:41.809829+00
c554e9f1-bf5f-408c-9cd5-0d3c8c6861eb;9ecb31a6-e2da-4f77-9df7-4cc50386d25c;this is a test to see whether the posts autosaves after 10 characters. another test to see whether the not not Draught draught draught DRAFT draught It's a draught Not draught draught draught DRAFT draught draught draught draught draught feature is working;draft;;;;false;;2025-12-20 13:33:16.843932+00;2025-12-21 02:00:11.217522+00
e3f2e709-579d-4515-8e64-7ec6c10a8d8c;9ecb31a6-e2da-4f77-9df7-4cc50386d25c;"Ever had that sinking feeling when you've crafted the perfect LinkedIn post, only for it to disappear into the ether before you could hit publish? ü§¶‚Äç‚ôÄÔ∏è I certainly have.

It's a frustrating experience that many of us can relate to. We invest time and thought into our content, and losing it due to an accidental navigation or a sudden distraction is incredibly disheartening.

That's why I've been thinking a lot about the 'draft' functionality on platforms like LinkedIn. Imagine if, the moment you started writing a post, it was automatically saved as a draft. No more frantic copying and pasting just in case!

And what if there was a clearly visible ""Save Draft"" button that activated every time you made a change or even regenerated content? This would empower us to consciously save our progress, ensuring our efforts are never lost.

The best part? If you navigate away without explicitly saving, a gentle prompt would appear, asking if you‚Äôd like to save your work. It‚Äôs a small change, but it would make a monumental difference in our content creation workflow. It‚Äôs about building trust and respect for the content creators on the platform.

What are your thoughts on this? What small feature would dramatically improve your LinkedIn experience?";draft;;;;true;"When I get to 'Edit Post' page, the produced draft should be Saved under Drafts by default for once. 

There should be 'Save Draft' button, which should be activated further if user makes further changes in the editor, or regenerates the post. 

When user clicks the 'Save Draft' button, the previously saved Draft should be updated with the latest updates. 

If the user does not click 'Save Draft', and navigates away from the screen, user should be prompted to save draft. 
";2025-12-21 01:01:53.74236+00;2025-12-21 01:01:53.74236+00
4610a475-88ef-4d8e-965d-036ddfa986e8;9ecb31a6-e2da-4f77-9df7-4cc50386d25c;"When I get to 'Edit Post' page, the produced draft should be Saved under Drafts by default for once. 

There should be 'Save Draft' button, which should be activated further if user makes further changes in the editor, or regenerates the post. 

When user clicks the 'Save Draft' button, the previously saved Draft should be updated with the latest updates. 

If the user does not click 'Save Draft', and navigates away from the screen, user should be prompted to save draft. 
";draft;;;;false;draft;2025-12-21 01:01:48.479378+00;2025-12-21 01:58:48.461557+00
053bad72-a8cc-4b53-8c9f-c278e24fd144;9ecb31a6-e2da-4f77-9df7-4cc50386d25c;"Is your organization ready to navigate the uncharted waters of AI risk? While AI promises incredible innovation and efficiency, the conversation around managing its inherent risks is becoming more critical than ever. We're seeing a rapid acceleration in AI adoption, and with that comes a growing need for robust frameworks to ensure responsible and ethical implementation.

Think about it: from algorithmic bias in hiring to data privacy breaches in customer interactions, the potential pitfalls are real and can have significant reputational and financial consequences. It's not just about compliance; it's about building trust and ensuring the sustainable growth of your AI initiatives. Forward-thinking companies are proactively developing strategies to identify, assess, and mitigate these risks, turning potential liabilities into opportunities for greater transparency and accountability.

What are some of the biggest AI risks you're seeing emerge in your industry, and how are you preparing for them?";draft;;;;true;;2025-12-21 03:01:19.846869+00;2025-12-21 03:01:19.846869+00